EmployeeID,Department,Gender,Age,Education,JobRole,Salary,Experience,Attrition,PerformanceRating
1,HR,Female,22,Diploma,HR Manager,51131,1,No,2
2,Operations,Male,44,PhD,Operations Executive,177392,19,No,2
3,Finance,Female,34,PhD,Finance Manager,105147,3,No,2
4,Sales,Male,45,Diploma,Business Development Executive,141060,22,No,5
5,Finance,Female,52,PhD,Financial Analyst,178309,15,No,4
6,Operations,Female,53,PhD,Operations Executive,176030,24,No,2
7,IT,Male,59,Diploma,Data Analyst,89089,17,No,2
8,Marketing,Female,30,Bachelor,SEO Analyst,128544,9,No,1
9,Finance,Female,42,Master,Accountant,56627,21,No,5
10,Finance,Male,56,Bachelor,Accountant,120385,20,No,2
11,HR,Female,51,Bachelor,HR Executive,66553,30,No,2
12,Finance,Female,48,Master,Financial Analyst,95680,27,No,2
13,Marketing,Female,46,PhD,Marketing Manager,108748,19,No,2
14,Marketing,Male,34,PhD,SEO Analyst,60794,13,No,4
15,Finance,Male,25,Master,Finance Manager,48935,4,Yes,1
16,Operations,Male,27,Master,Operations Manager,111171,6,No,4
17,Marketing,Female,39,PhD,Marketing Specialist,123910,0,No,3
18,IT,Female,42,Master,System Administrator,118637,16,No,1
19,IT,Male,49,Bachelor,System Administrator,147457,15,No,2
20,Finance,Male,50,PhD,Accountant,75493,29,No,1
21,Operations,Male,48,Diploma,Operations Manager,175021,22,No,3
22,Operations,Male,47,Bachelor,Operations Executive,132213,22,Yes,2
23,Marketing,Male,49,Master,Marketing Manager,187646,13,No,4
24,HR,Female,27,PhD,HR Executive,192118,6,No,4
25,IT,Male,34,Diploma,System Administrator,147954,13,No,1
26,Operations,Female,34,PhD,Coordinator,109615,0,No,4
27,IT,Female,53,Diploma,Software Engineer,146909,31,No,2
28,Operations,Female,44,Diploma,Coordinator,91212,22,No,2
29,Finance,Female,52,Master,Finance Manager,126142,21,No,1
30,HR,Female,30,PhD,HR Executive,169705,7,No,1
31,IT,Male,49,Diploma,Software Engineer,112927,28,No,1
32,Marketing,Male,57,PhD,Marketing Specialist,66678,10,No,5
33,HR,Male,27,Diploma,HR Manager,56817,6,No,1
34,Marketing,Male,38,Bachelor,SEO Analyst,53094,6,No,3
35,Marketing,Male,39,PhD,SEO Analyst,76997,11,No,3
36,IT,Female,47,Diploma,System Administrator,158387,7,No,4
37,HR,Female,59,Bachelor,Recruiter,101995,35,No,5
38,IT,Female,32,PhD,Software Engineer,62308,11,No,2
39,Operations,Male,27,Master,Operations Manager,199434,6,No,1
40,Marketing,Female,55,Master,SEO Analyst,119351,26,No,1
41,Operations,Male,27,Diploma,Coordinator,91968,6,No,3
42,Marketing,Female,53,Master,SEO Analyst,175950,3,No,4
43,Marketing,Male,58,PhD,Marketing Specialist,152685,34,No,3
44,Finance,Male,29,Diploma,Finance Manager,137301,8,No,5
45,Marketing,Male,31,Diploma,SEO Analyst,43347,8,No,4
46,HR,Female,31,PhD,HR Executive,62356,10,No,1
47,Marketing,Female,42,PhD,Marketing Manager,88181,3,Yes,4
48,Operations,Male,46,Master,Operations Manager,103766,17,No,1
49,Marketing,Male,52,PhD,Marketing Specialist,180027,24,No,4
50,Marketing,Female,32,Master,Marketing Manager,141320,11,Yes,1
51,HR,Male,52,Bachelor,HR Manager,53480,31,No,1
52,Sales,Female,25,Master,Business Development Executive,44866,3,Yes,3
53,Finance,Male,24,Master,Financial Analyst,93843,3,Yes,2
54,IT,Female,23,Master,Data Analyst,124356,2,Yes,2
55,Finance,Male,37,Bachelor,Financial Analyst,94744,6,No,5
56,HR,Male,38,Master,HR Executive,55810,17,Yes,3
57,Sales,Female,37,Bachelor,Sales Manager,117627,16,No,4
58,Operations,Female,24,Bachelor,Operations Manager,191959,3,No,4
59,Sales,Female,34,Master,Business Development Executive,63351,12,Yes,4
60,Operations,Female,58,PhD,Operations Manager,49537,6,No,5
61,HR,Female,45,Diploma,HR Manager,144528,11,No,4
62,Finance,Female,43,Bachelor,Accountant,111700,22,No,4
63,Sales,Female,59,PhD,Sales Manager,79359,2,No,4
64,IT,Female,49,Master,Data Analyst,163713,27,No,3
65,Sales,Male,32,Diploma,Sales Manager,104625,7,No,2
66,Marketing,Male,56,Master,Marketing Specialist,106563,25,Yes,4
67,Marketing,Female,45,PhD,Marketing Specialist,78019,1,No,4
68,IT,Male,53,PhD,System Administrator,198191,9,No,2
69,Operations,Male,32,Master,Operations Executive,97170,11,Yes,3
70,IT,Female,25,Master,System Administrator,194345,4,No,1
71,Operations,Male,33,Diploma,Operations Executive,126841,12,No,3
72,Operations,Female,56,Master,Operations Executive,190046,17,Yes,5
73,Sales,Female,25,Diploma,Sales Executive,195292,4,No,2
74,Sales,Male,32,PhD,Sales Manager,91813,3,No,1
75,HR,Male,40,Master,HR Executive,153756,19,No,5
76,Sales,Female,42,Bachelor,Sales Executive,110954,7,Yes,3
77,IT,Male,40,Bachelor,Data Analyst,110977,19,Yes,3
78,IT,Female,37,Master,Software Engineer,76204,16,No,1
79,Finance,Female,40,Diploma,Financial Analyst,48061,6,No,5
80,Marketing,Male,33,PhD,Marketing Manager,108372,12,Yes,2
81,IT,Female,26,PhD,Software Engineer,70758,5,Yes,1
82,Operations,Female,50,Master,Operations Executive,131888,15,No,1
83,Finance,Female,52,Diploma,Accountant,171290,2,No,5
84,Marketing,Male,47,Diploma,Marketing Specialist,73038,26,No,4
85,Sales,Male,38,Diploma,Sales Executive,84749,4,No,4
86,HR,Female,55,Diploma,Recruiter,163254,21,No,5
87,HR,Female,26,Diploma,HR Manager,109879,5,No,5
88,Operations,Female,33,Master,Operations Executive,107921,2,No,2
89,Sales,Female,27,PhD,Sales Manager,88636,6,No,1
90,HR,Female,31,Diploma,Recruiter,145667,10,Yes,2
91,Marketing,Male,42,Bachelor,SEO Analyst,86637,4,No,3
92,Operations,Female,45,PhD,Operations Manager,137006,11,No,2
93,Finance,Female,31,PhD,Finance Manager,98242,9,No,4
94,HR,Male,28,PhD,Recruiter,89384,7,No,1
95,Marketing,Male,51,PhD,SEO Analyst,113306,27,No,1
96,Sales,Male,57,PhD,Business Development Executive,144083,8,No,2
97,Operations,Female,47,PhD,Operations Manager,185856,26,No,5
98,IT,Male,50,Master,System Administrator,73433,6,No,4
99,Sales,Male,29,Bachelor,Sales Executive,105788,7,No,3
100,Sales,Male,43,Master,Sales Manager,132291,22,No,2
101,Sales,Female,22,Bachelor,Business Development Executive,69860,1,No,1
102,HR,Male,39,PhD,Recruiter,85644,1,Yes,4
103,IT,Female,49,Diploma,System Administrator,103633,22,No,4
104,Marketing,Female,36,Master,Marketing Manager,59508,15,No,5
105,Sales,Female,32,Diploma,Sales Executive,43454,8,No,1
106,Operations,Male,32,PhD,Coordinator,79544,11,No,2
107,Sales,Female,40,Bachelor,Business Development Executive,96792,19,No,1
108,IT,Female,48,PhD,Data Analyst,189093,9,No,3
109,IT,Female,55,Diploma,System Administrator,112459,28,No,3
110,Operations,Female,29,PhD,Coordinator,41647,8,No,1
111,Marketing,Male,48,Master,SEO Analyst,190563,27,No,5
112,IT,Male,38,Bachelor,Software Engineer,180481,0,Yes,5
113,Sales,Female,60,Master,Business Development Executive,119572,30,Yes,5
114,Sales,Male,40,Bachelor,Business Development Executive,66569,14,Yes,4
115,Marketing,Male,41,Diploma,SEO Analyst,149354,20,No,2
116,IT,Female,27,PhD,System Administrator,63361,3,No,2
117,Marketing,Male,55,Bachelor,Marketing Manager,165986,3,No,3
118,Operations,Male,30,Master,Operations Manager,51474,9,No,2
119,HR,Female,46,PhD,Recruiter,131236,13,No,4
120,Sales,Male,51,Bachelor,Sales Manager,134052,10,No,4
121,Operations,Female,42,Diploma,Operations Executive,180510,21,No,5
122,Operations,Female,50,Diploma,Coordinator,189131,29,No,1
123,IT,Male,32,PhD,System Administrator,70262,11,No,1
124,Finance,Female,60,Master,Finance Manager,149544,14,No,1
125,Marketing,Female,27,Bachelor,SEO Analyst,88364,6,No,1
126,Finance,Male,45,PhD,Financial Analyst,125656,10,No,5
127,Marketing,Female,34,Master,Marketing Manager,124245,13,No,5
128,Marketing,Male,22,Bachelor,SEO Analyst,54147,1,No,1
129,IT,Male,48,Master,Data Analyst,72729,24,No,3
130,IT,Male,25,Diploma,Software Engineer,140921,4,No,2
131,Sales,Female,30,Diploma,Sales Executive,171063,5,No,5
132,Marketing,Male,45,Master,Marketing Manager,191464,24,No,5
133,Operations,Male,42,PhD,Operations Manager,185548,3,No,3
134,IT,Male,55,Bachelor,System Administrator,199852,20,No,1
135,Finance,Male,53,Diploma,Financial Analyst,81944,4,No,5
136,HR,Male,34,Bachelor,HR Executive,45971,13,No,3
137,Sales,Male,40,Bachelor,Sales Manager,45699,19,No,1
138,Sales,Male,31,PhD,Sales Manager,139343,10,No,1
139,Operations,Male,60,Master,Operations Executive,52018,31,Yes,2
140,Sales,Female,57,Diploma,Sales Manager,103826,19,No,5
141,Finance,Male,39,Master,Accountant,129615,14,No,2
142,Operations,Male,37,Diploma,Coordinator,162945,16,No,1
143,Sales,Male,55,Diploma,Sales Executive,164439,10,No,2
144,IT,Female,32,PhD,Data Analyst,173058,11,No,4
145,Sales,Female,37,Bachelor,Business Development Executive,199466,0,Yes,1
146,Operations,Female,38,Bachelor,Operations Manager,152956,17,No,3
147,Operations,Female,40,Diploma,Operations Manager,175937,19,No,2
148,Marketing,Male,40,Bachelor,Marketing Specialist,111810,19,No,1
149,HR,Male,60,Master,Recruiter,174326,10,Yes,5
150,IT,Male,46,PhD,Data Analyst,185801,1,Yes,3
151,Sales,Female,58,Bachelor,Sales Manager,169884,10,No,3
152,Operations,Male,55,Diploma,Operations Executive,170807,12,No,3
153,Marketing,Male,49,Bachelor,SEO Analyst,89826,28,No,4
154,HR,Male,28,Bachelor,Recruiter,103700,7,No,4
155,IT,Female,58,PhD,Data Analyst,69473,9,No,4
156,Sales,Female,36,Bachelor,Business Development Executive,78444,15,No,5
157,HR,Male,42,PhD,Recruiter,42827,9,No,1
158,Finance,Male,36,PhD,Financial Analyst,152481,15,No,3
159,Finance,Female,31,Bachelor,Accountant,80648,10,Yes,1
160,Operations,Male,37,Diploma,Operations Executive,105293,16,No,5
161,IT,Male,48,PhD,Software Engineer,102298,27,No,1
162,IT,Female,58,PhD,Software Engineer,149788,33,No,1
163,Finance,Male,57,Diploma,Finance Manager,128564,20,No,1
164,IT,Female,48,Diploma,Software Engineer,127898,21,No,2
165,Finance,Male,60,Master,Accountant,81055,5,No,2
166,Operations,Male,35,Diploma,Coordinator,149581,7,Yes,2
167,HR,Female,57,Master,HR Manager,98587,10,No,4
168,Finance,Male,59,PhD,Financial Analyst,167056,32,Yes,5
169,IT,Female,29,Diploma,Data Analyst,176784,8,No,3
170,IT,Female,55,Master,Data Analyst,120532,1,Yes,5
171,HR,Male,34,Bachelor,HR Manager,122909,13,No,2
172,Finance,Male,44,Bachelor,Accountant,64162,23,No,5
173,IT,Male,30,Master,System Administrator,141161,9,No,5
174,Finance,Female,44,Bachelor,Finance Manager,116837,23,No,4
175,Sales,Male,38,Diploma,Sales Manager,112362,4,No,5
176,Finance,Male,51,Diploma,Financial Analyst,92220,24,No,2
177,IT,Female,51,Bachelor,Software Engineer,198673,8,No,5
178,Marketing,Female,36,PhD,Marketing Manager,138841,15,No,4
179,HR,Female,36,PhD,HR Executive,103587,10,No,2
180,HR,Female,53,PhD,Recruiter,82547,27,No,1
181,Sales,Male,58,Bachelor,Sales Manager,166018,34,No,4
182,HR,Female,57,Master,Recruiter,74422,35,No,4
183,Sales,Male,51,Bachelor,Business Development Executive,127213,14,No,5
184,Sales,Male,34,PhD,Sales Manager,116314,13,No,5
185,Marketing,Male,45,Master,Marketing Specialist,124693,5,No,2
186,Finance,Male,35,Master,Accountant,151696,14,Yes,1
187,Finance,Male,42,Master,Accountant,198778,5,No,1
188,Operations,Male,43,PhD,Coordinator,92343,22,No,4
189,Marketing,Male,27,Bachelor,Marketing Manager,59538,6,No,4
190,Operations,Female,34,Master,Operations Executive,45446,13,No,5
191,Finance,Female,48,Master,Finance Manager,122990,26,No,1
192,HR,Male,37,Bachelor,HR Executive,49636,16,No,2
193,Finance,Male,37,Diploma,Accountant,136936,16,No,1
194,Finance,Male,26,PhD,Finance Manager,155009,5,No,2
195,Marketing,Male,29,PhD,Marketing Manager,182815,8,No,4
196,IT,Male,27,Diploma,System Administrator,131025,6,No,2
197,IT,Male,32,Master,System Administrator,157942,11,No,5
198,Marketing,Female,26,Bachelor,Marketing Specialist,95586,5,No,5
199,IT,Male,39,Master,Software Engineer,134393,13,No,3
200,IT,Female,37,PhD,System Administrator,54414,8,No,2
201,HR,Female,47,PhD,HR Executive,135073,26,No,1
202,Sales,Male,48,Diploma,Sales Manager,125203,15,No,1
203,Marketing,Male,52,Master,Marketing Specialist,87185,21,No,1
204,Marketing,Female,33,Bachelor,SEO Analyst,84765,12,No,5
205,Operations,Female,30,Bachelor,Operations Executive,91314,9,No,1
206,Finance,Male,45,PhD,Accountant,170331,24,No,3
207,Finance,Male,55,Master,Financial Analyst,45531,5,Yes,2
208,Sales,Male,57,PhD,Sales Manager,99727,27,No,2
209,Finance,Female,43,Diploma,Accountant,41633,13,No,3
210,Sales,Male,48,Master,Sales Manager,139468,5,No,3
211,Sales,Female,49,Master,Sales Manager,88832,28,No,5
212,HR,Female,43,PhD,HR Manager,149627,20,No,5
213,Operations,Female,36,Bachelor,Operations Manager,59955,14,No,2
214,Marketing,Male,33,Diploma,Marketing Specialist,162984,12,No,1
215,Finance,Female,54,Diploma,Accountant,108413,15,No,2
216,Sales,Male,39,Master,Sales Manager,169317,8,No,3
217,HR,Female,55,Bachelor,HR Manager,131854,1,No,5
218,IT,Female,44,Diploma,Data Analyst,68129,23,No,1
219,Marketing,Female,25,Master,Marketing Manager,73245,4,No,1
220,Finance,Male,47,Master,Finance Manager,115638,18,No,5
221,Marketing,Female,47,Bachelor,Marketing Manager,45943,0,No,4
222,Marketing,Male,31,Master,Marketing Manager,44594,10,No,2
223,Finance,Female,34,Bachelor,Financial Analyst,122257,13,No,1
224,Sales,Female,59,Master,Sales Executive,108605,8,No,2
225,HR,Male,52,Master,Recruiter,117882,0,No,4
226,HR,Female,34,Diploma,HR Manager,188885,13,No,2
227,Finance,Female,55,PhD,Accountant,132719,10,No,5
228,HR,Female,43,PhD,Recruiter,92807,22,No,1
229,Sales,Male,41,Bachelor,Business Development Executive,197449,1,Yes,4
230,IT,Female,38,Master,Data Analyst,143048,12,No,2
231,HR,Male,58,Master,HR Manager,135181,9,No,4
232,Marketing,Female,22,Diploma,Marketing Specialist,50487,1,No,1
233,Finance,Female,30,Bachelor,Accountant,142833,9,No,4
234,Sales,Male,32,PhD,Sales Manager,199556,6,No,4
235,Operations,Male,46,Master,Coordinator,196358,21,No,5
236,Sales,Male,51,Diploma,Business Development Executive,121842,2,No,3
237,Marketing,Female,42,Diploma,Marketing Specialist,134608,2,No,4
238,Marketing,Male,45,PhD,Marketing Manager,116635,19,No,1
239,Finance,Female,42,Diploma,Financial Analyst,189656,15,No,2
240,Operations,Male,60,Bachelor,Operations Executive,96114,19,No,1
241,Marketing,Female,58,Master,SEO Analyst,175260,27,Yes,5
242,Sales,Female,26,Master,Sales Executive,139711,0,No,3
243,HR,Female,22,Master,HR Executive,140305,1,Yes,2
244,HR,Male,41,Master,HR Manager,45073,20,No,5
245,IT,Male,36,Diploma,System Administrator,122141,0,No,4
246,HR,Female,39,Diploma,Recruiter,109350,18,No,2
247,IT,Female,30,PhD,System Administrator,169035,9,No,5
248,Marketing,Male,31,Bachelor,Marketing Manager,145488,10,Yes,3
249,Operations,Female,59,Master,Operations Manager,52158,10,No,5
250,Sales,Female,26,Bachelor,Sales Manager,41214,5,No,2
251,Marketing,Female,34,Diploma,Marketing Manager,66809,13,No,4
252,Finance,Male,57,Master,Accountant,176667,1,Yes,1
253,Sales,Male,55,Master,Sales Executive,57067,33,Yes,2
254,Operations,Female,33,PhD,Operations Manager,58800,10,Yes,4
255,Sales,Female,36,Diploma,Sales Manager,154182,11,No,5
256,Marketing,Female,29,Diploma,SEO Analyst,95079,8,No,1
257,Sales,Male,26,PhD,Sales Executive,140553,1,No,4
258,Finance,Female,28,Diploma,Accountant,149587,5,Yes,1
259,Finance,Male,28,Bachelor,Finance Manager,81125,7,Yes,2
260,Marketing,Female,27,Bachelor,Marketing Specialist,126610,6,No,3
261,Finance,Female,22,Master,Finance Manager,177928,1,No,5
262,Operations,Female,23,Master,Coordinator,149695,2,No,2
263,Sales,Male,29,Master,Sales Executive,135133,8,No,1
264,Sales,Female,45,Master,Sales Manager,50720,8,No,1
265,Operations,Male,40,Diploma,Operations Executive,89457,10,No,5
266,HR,Male,42,PhD,HR Manager,146402,21,Yes,2
267,Sales,Male,23,Bachelor,Sales Manager,175855,2,No,4
268,Sales,Female,43,Diploma,Business Development Executive,192363,22,Yes,1
269,HR,Male,51,Bachelor,Recruiter,59785,30,Yes,1
270,Operations,Male,26,Master,Operations Manager,46172,5,No,1
271,Sales,Male,48,PhD,Business Development Executive,93968,16,No,5
272,Marketing,Female,46,Diploma,Marketing Manager,170054,4,No,5
273,IT,Female,29,Master,Data Analyst,98266,5,No,1
274,Operations,Male,39,Bachelor,Operations Executive,162433,12,No,5
275,Operations,Male,52,Bachelor,Coordinator,128768,6,No,3
276,Marketing,Male,55,Master,Marketing Manager,111664,8,No,5
277,HR,Male,25,PhD,Recruiter,136459,4,No,1
278,Operations,Male,51,Diploma,Coordinator,106437,6,No,1
279,HR,Female,49,Master,Recruiter,165530,19,No,2
280,Operations,Male,58,Master,Operations Manager,152861,1,No,3
281,IT,Male,44,Master,System Administrator,43974,5,No,2
282,Finance,Female,57,Bachelor,Finance Manager,144742,29,No,4
283,Marketing,Female,47,Bachelor,SEO Analyst,152489,5,No,4
284,Marketing,Female,54,Diploma,SEO Analyst,69492,18,No,1
285,Operations,Female,23,Master,Operations Executive,161541,2,No,3
286,Operations,Female,47,Diploma,Operations Manager,197175,26,Yes,5
287,Sales,Female,54,Bachelor,Business Development Executive,88834,17,No,4
288,HR,Male,55,Diploma,HR Executive,84729,3,No,5
289,Finance,Male,32,Diploma,Financial Analyst,77053,2,No,5
290,Sales,Male,32,Bachelor,Sales Manager,77177,11,Yes,2
291,IT,Male,53,Diploma,System Administrator,115983,8,No,4
292,HR,Female,27,Master,Recruiter,60952,6,No,5
293,Marketing,Male,42,Diploma,Marketing Manager,70594,21,No,2
294,Marketing,Male,56,Bachelor,Marketing Manager,78518,2,No,3
295,IT,Male,27,Diploma,Data Analyst,124318,1,No,2
296,Marketing,Female,23,Diploma,SEO Analyst,68372,1,Yes,4
297,Marketing,Female,44,Diploma,Marketing Manager,51248,18,No,5
298,Sales,Female,27,Bachelor,Sales Manager,61350,6,No,5
299,HR,Male,25,Diploma,Recruiter,179168,4,No,3
300,IT,Female,49,Bachelor,System Administrator,191703,28,No,5
301,Sales,Male,60,Diploma,Sales Manager,147091,35,No,1
302,HR,Male,35,Master,HR Manager,72100,13,No,1
303,Sales,Female,46,Bachelor,Sales Executive,100798,22,No,5
304,Finance,Female,39,PhD,Finance Manager,81985,0,No,3
305,Operations,Female,37,Diploma,Operations Executive,72555,16,No,2
306,Operations,Male,26,Bachelor,Operations Manager,98850,5,No,3
307,HR,Female,44,Bachelor,Recruiter,90875,13,Yes,5
308,IT,Female,27,Master,Software Engineer,122545,6,Yes,1
309,HR,Female,45,Master,HR Manager,140657,24,No,3
310,HR,Male,41,Diploma,Recruiter,161883,15,No,2
311,Finance,Female,50,PhD,Finance Manager,43174,13,No,3
312,Operations,Male,57,Master,Operations Manager,50328,2,No,2
313,Marketing,Female,40,Diploma,Marketing Manager,188006,2,Yes,1
314,Operations,Male,52,Master,Coordinator,199050,24,No,5
315,Finance,Female,37,Diploma,Accountant,112174,16,No,1
316,HR,Female,29,Bachelor,HR Executive,93147,4,No,4
317,IT,Female,40,Bachelor,Software Engineer,122926,19,No,4
318,HR,Male,47,Diploma,HR Executive,186467,14,No,4
319,Sales,Female,34,Bachelor,Sales Executive,78042,13,No,4
320,Sales,Male,32,Master,Sales Executive,44116,11,No,4
321,HR,Male,31,Bachelor,HR Executive,97843,10,No,1
322,Sales,Male,52,Master,Sales Manager,116464,20,No,4
323,Marketing,Male,42,Bachelor,SEO Analyst,185068,21,No,5
324,HR,Male,33,Bachelor,HR Executive,115144,12,No,3
325,IT,Female,54,PhD,Data Analyst,96121,31,No,2
326,Operations,Male,24,Master,Coordinator,52196,3,No,2
327,Operations,Male,58,Master,Coordinator,199818,1,No,3
328,Operations,Male,53,Master,Operations Executive,177483,10,No,1
329,IT,Male,32,Diploma,System Administrator,198136,6,No,5
330,Operations,Female,32,Master,Operations Executive,46542,11,No,4
331,Finance,Male,24,PhD,Finance Manager,163556,3,No,3
332,Marketing,Male,24,Bachelor,SEO Analyst,68579,3,Yes,2
333,Operations,Female,44,Diploma,Operations Executive,148454,19,No,3
334,Sales,Female,51,PhD,Business Development Executive,54626,7,No,1
335,Operations,Female,29,Bachelor,Operations Manager,158417,8,No,5
336,IT,Female,42,Master,System Administrator,43556,15,Yes,4
337,Finance,Female,23,Diploma,Financial Analyst,182313,2,No,1
338,Sales,Female,53,Diploma,Sales Executive,181689,32,No,2
339,Sales,Male,52,Master,Business Development Executive,62706,30,Yes,4
340,Marketing,Female,49,Bachelor,Marketing Manager,58255,9,No,5
341,Finance,Male,47,Diploma,Finance Manager,150011,26,No,3
342,Finance,Female,34,PhD,Financial Analyst,159146,13,No,5
343,HR,Female,26,PhD,HR Manager,191146,5,No,4
344,Sales,Male,37,Master,Sales Executive,49465,3,No,1
345,HR,Male,29,PhD,HR Executive,186693,8,No,5
346,Marketing,Female,22,PhD,Marketing Manager,130332,0,No,2
347,IT,Female,37,Bachelor,System Administrator,183334,15,Yes,4
348,Operations,Male,60,Master,Coordinator,122116,31,No,3
349,Sales,Female,60,Master,Sales Manager,136022,24,No,3
350,HR,Male,36,Diploma,HR Executive,85324,12,No,2
351,HR,Male,58,PhD,Recruiter,152811,5,No,1
352,Finance,Male,57,Bachelor,Finance Manager,128383,6,No,1
353,Finance,Male,50,Bachelor,Financial Analyst,57019,29,No,5
354,Finance,Female,54,PhD,Finance Manager,120277,21,Yes,2
355,Marketing,Female,28,Master,Marketing Manager,85488,0,No,5
356,IT,Male,36,Master,Software Engineer,139700,15,No,5
357,IT,Female,50,Master,Software Engineer,47474,29,No,3
358,Finance,Male,55,Master,Financial Analyst,100097,1,No,2
359,Sales,Male,50,Bachelor,Sales Manager,60053,12,No,1
360,Finance,Male,25,Master,Financial Analyst,69756,4,No,1
361,Operations,Male,35,Bachelor,Operations Executive,64383,0,Yes,3
362,Operations,Female,29,Bachelor,Operations Executive,125090,8,No,4
363,HR,Male,44,Diploma,HR Manager,140832,16,Yes,1
364,Marketing,Female,24,Master,Marketing Manager,74645,3,No,3
365,Sales,Male,57,Diploma,Sales Manager,175819,35,No,3
366,IT,Female,35,PhD,Data Analyst,120529,14,No,4
367,HR,Male,42,PhD,HR Executive,62030,21,No,3
368,Operations,Female,36,Diploma,Operations Manager,128753,15,No,4
369,Marketing,Female,58,PhD,SEO Analyst,194216,0,No,5
370,Marketing,Female,53,Diploma,SEO Analyst,198618,9,No,4
371,Marketing,Female,60,Bachelor,SEO Analyst,173724,4,Yes,2
372,Sales,Male,50,PhD,Sales Executive,110566,20,Yes,3
373,HR,Female,51,PhD,HR Manager,165178,14,Yes,2
374,Operations,Female,50,Bachelor,Coordinator,125541,0,No,3
375,Operations,Female,52,Master,Coordinator,63415,3,No,2
376,HR,Male,35,Bachelor,HR Executive,75214,3,No,1
377,Operations,Female,35,Diploma,Operations Executive,111920,6,No,2
378,Finance,Female,35,Bachelor,Finance Manager,94061,11,No,2
379,Operations,Male,31,Diploma,Coordinator,183547,0,No,5
380,Operations,Male,26,Bachelor,Coordinator,52044,5,No,1
381,HR,Female,23,Diploma,Recruiter,56793,2,No,4
382,Marketing,Male,33,Master,Marketing Specialist,172315,12,Yes,1
383,Operations,Male,42,Bachelor,Operations Executive,182399,21,No,4
384,Operations,Male,50,Bachelor,Operations Executive,84383,12,No,3
385,Marketing,Male,27,Diploma,SEO Analyst,131373,6,No,3
386,Marketing,Female,54,Diploma,Marketing Manager,159465,3,No,2
387,HR,Male,26,Diploma,Recruiter,157869,5,No,1
388,Marketing,Female,34,PhD,SEO Analyst,184708,9,No,2
389,HR,Male,52,Diploma,Recruiter,77170,19,No,3
390,HR,Female,45,Bachelor,HR Manager,144595,10,No,2
391,Finance,Male,52,Bachelor,Finance Manager,140506,31,No,2
392,Finance,Male,49,PhD,Finance Manager,116188,4,No,1
393,Marketing,Female,33,Diploma,Marketing Specialist,101061,1,No,4
394,Sales,Female,36,Bachelor,Sales Manager,52146,15,No,3
395,HR,Female,41,Bachelor,HR Manager,96312,3,No,5
396,Operations,Male,22,Master,Operations Manager,44832,1,No,5
397,Sales,Female,37,Master,Business Development Executive,115550,16,Yes,1
398,HR,Male,41,Diploma,HR Manager,156654,3,No,3
399,Finance,Male,55,Master,Accountant,195047,23,No,4
400,HR,Male,24,Master,HR Manager,43292,3,No,1
401,Marketing,Female,25,PhD,Marketing Manager,115663,4,No,1
402,Sales,Female,55,Diploma,Sales Executive,55108,16,No,4
403,IT,Female,53,Bachelor,Software Engineer,135413,7,No,1
404,Operations,Female,52,PhD,Coordinator,175996,29,No,3
405,Marketing,Female,47,PhD,Marketing Manager,69747,25,No,1
406,Sales,Male,35,PhD,Business Development Executive,165457,14,Yes,1
407,IT,Male,28,Master,System Administrator,169392,7,No,2
408,HR,Female,32,Bachelor,Recruiter,133117,11,No,4
409,HR,Male,43,Diploma,HR Executive,48391,4,No,3
410,IT,Female,31,PhD,System Administrator,65024,10,No,5
411,Operations,Male,34,Master,Coordinator,132414,4,No,2
412,Sales,Female,39,PhD,Business Development Executive,41361,18,No,3
413,Finance,Female,45,PhD,Finance Manager,197502,5,No,3
414,Finance,Female,44,Bachelor,Financial Analyst,141827,8,No,2
415,Marketing,Male,53,Bachelor,Marketing Manager,100834,32,No,3
416,Sales,Male,47,Bachelor,Business Development Executive,91093,26,No,5
417,HR,Female,57,PhD,HR Manager,148832,18,No,5
418,Sales,Female,49,Bachelor,Sales Manager,159932,7,No,2
419,Operations,Female,54,Master,Operations Manager,166835,7,No,2
420,Finance,Female,59,Bachelor,Finance Manager,192463,24,No,3
421,Sales,Female,31,Diploma,Business Development Executive,47899,5,No,2
422,Marketing,Male,59,Bachelor,SEO Analyst,146251,22,No,2
423,Finance,Male,52,Master,Finance Manager,107458,31,No,3
424,HR,Female,22,Master,Recruiter,54522,1,No,2
425,IT,Female,25,Bachelor,Software Engineer,72685,4,No,3
426,Marketing,Female,44,Bachelor,Marketing Manager,187438,23,No,3
427,Marketing,Female,54,Bachelor,Marketing Manager,179442,21,No,2
428,HR,Male,44,PhD,HR Executive,153581,16,Yes,1
429,Finance,Male,40,Master,Finance Manager,97366,19,Yes,2
430,Operations,Female,36,Bachelor,Operations Manager,125542,15,No,5
431,Operations,Female,32,Bachelor,Operations Manager,198244,11,No,5
432,IT,Female,59,Diploma,Software Engineer,197892,6,No,2
433,Sales,Female,53,Diploma,Business Development Executive,91510,15,No,4
434,IT,Female,39,Master,Data Analyst,116939,18,No,2
435,Marketing,Female,23,Master,Marketing Specialist,46637,2,No,1
436,Operations,Male,27,Diploma,Coordinator,165184,6,No,2
437,IT,Female,35,Bachelor,Software Engineer,100531,4,No,3
438,HR,Male,33,Diploma,Recruiter,181433,12,No,1
439,IT,Female,24,Master,Data Analyst,176234,3,No,2
440,IT,Male,57,Bachelor,Software Engineer,79128,15,No,2
441,Sales,Female,60,PhD,Sales Manager,77797,25,No,3
442,Sales,Female,56,Diploma,Sales Manager,114764,15,No,3
443,Finance,Male,49,Master,Finance Manager,120932,0,No,1
444,IT,Male,39,Master,Software Engineer,146390,18,No,3
445,Finance,Male,57,Bachelor,Finance Manager,185751,27,No,4
446,IT,Male,22,Diploma,System Administrator,112689,0,Yes,2
447,Marketing,Male,36,PhD,Marketing Specialist,127511,15,No,4
448,Sales,Male,35,Diploma,Sales Executive,77482,2,No,5
449,HR,Male,23,Master,HR Manager,103349,2,Yes,5
450,IT,Female,36,Diploma,Data Analyst,178468,15,No,4
451,Marketing,Female,23,Diploma,SEO Analyst,180769,2,Yes,5
452,Marketing,Male,37,Bachelor,SEO Analyst,112797,16,Yes,3
453,Finance,Female,23,Master,Accountant,146774,2,No,2
454,Marketing,Female,45,Diploma,Marketing Specialist,113496,12,Yes,1
455,HR,Female,24,Master,HR Manager,68342,3,No,4
456,Finance,Male,55,Diploma,Finance Manager,64464,10,No,2
457,Finance,Female,47,PhD,Finance Manager,173765,12,Yes,5
458,Sales,Female,27,PhD,Business Development Executive,98371,6,No,2
459,Sales,Male,56,PhD,Sales Manager,40321,14,No,5
460,Marketing,Male,54,PhD,Marketing Specialist,117992,13,No,4
461,IT,Male,36,PhD,System Administrator,90300,0,Yes,2
462,Operations,Female,59,PhD,Operations Executive,191880,11,No,5
463,Finance,Female,48,PhD,Financial Analyst,99066,11,No,2
464,Sales,Female,52,Diploma,Sales Manager,173126,15,No,5
465,Operations,Male,34,Diploma,Coordinator,65356,13,No,3
466,HR,Female,23,Master,Recruiter,68068,2,No,2
467,IT,Male,26,PhD,Software Engineer,104560,5,No,2
468,HR,Female,39,Diploma,HR Executive,121901,1,No,3
469,Marketing,Female,35,PhD,SEO Analyst,177087,3,No,2
470,IT,Male,34,Bachelor,Data Analyst,171643,8,No,4
471,IT,Male,56,Master,System Administrator,85640,19,No,4
472,Marketing,Male,37,Master,Marketing Specialist,64520,6,No,1
473,Marketing,Male,41,PhD,SEO Analyst,132340,14,Yes,4
474,Finance,Male,32,Diploma,Accountant,161652,8,No,2
475,Finance,Female,60,Diploma,Accountant,195792,15,No,1
476,Sales,Female,38,Master,Business Development Executive,150325,13,No,4
477,HR,Female,25,Diploma,HR Executive,134966,4,No,3
478,Sales,Male,38,Bachelor,Sales Executive,114162,17,No,2
479,Sales,Male,52,Bachelor,Business Development Executive,60359,21,No,1
480,Finance,Female,57,Diploma,Accountant,148255,0,No,2
481,Operations,Male,34,PhD,Operations Executive,174958,8,No,5
482,Marketing,Male,56,PhD,SEO Analyst,84215,22,No,2
483,Sales,Female,25,PhD,Business Development Executive,178688,4,Yes,1
484,IT,Male,35,PhD,Software Engineer,145186,14,No,5
485,IT,Male,28,Bachelor,Software Engineer,57561,1,No,5
486,HR,Male,45,Diploma,HR Executive,177428,24,No,1
487,Finance,Female,34,Diploma,Accountant,106787,13,No,2
488,Finance,Female,41,Bachelor,Financial Analyst,119098,5,No,3
489,Sales,Male,54,Diploma,Sales Manager,65403,1,No,5
490,Finance,Male,38,Diploma,Financial Analyst,73257,17,No,5
491,HR,Male,44,Master,Recruiter,161961,22,No,3
492,IT,Male,50,Diploma,Software Engineer,56026,10,No,4
493,Marketing,Male,30,Diploma,Marketing Specialist,176845,9,Yes,1
494,Operations,Male,29,Master,Coordinator,42679,1,No,4
495,Sales,Male,57,Diploma,Sales Executive,152257,0,No,3
496,HR,Male,57,Bachelor,Recruiter,54836,17,No,1
497,IT,Female,49,PhD,System Administrator,146609,28,No,3
498,IT,Female,31,Diploma,Software Engineer,118299,6,No,5
499,Finance,Male,32,Master,Finance Manager,91895,11,No,2
500,IT,Male,41,Diploma,Software Engineer,103822,3,No,2
501,Sales,Male,53,Bachelor,Business Development Executive,53928,24,No,5
502,Operations,Male,28,Bachelor,Coordinator,75756,7,No,3
503,Operations,Female,33,Master,Operations Manager,178655,12,No,2
504,Marketing,Female,33,Diploma,Marketing Manager,156210,12,No,2
505,Finance,Female,58,PhD,Financial Analyst,185127,15,No,3
506,HR,Male,37,Master,HR Executive,180488,2,Yes,5
507,IT,Female,39,Diploma,System Administrator,189543,3,No,4
508,Finance,Female,43,Diploma,Accountant,84823,5,No,2
509,Marketing,Female,49,Bachelor,Marketing Specialist,191228,9,No,4
510,Operations,Male,49,Bachelor,Operations Executive,148637,9,No,1
511,Finance,Female,57,Master,Accountant,76053,18,No,1
512,IT,Female,31,Diploma,System Administrator,79947,7,Yes,1
513,HR,Female,29,PhD,Recruiter,142358,8,No,4
514,Sales,Male,60,PhD,Business Development Executive,178122,18,No,2
515,Finance,Female,54,Master,Accountant,62740,4,No,4
516,Sales,Female,36,Diploma,Sales Manager,86295,15,No,1
517,Finance,Male,46,Master,Accountant,55112,2,Yes,4
518,Finance,Female,23,Bachelor,Accountant,87107,2,Yes,3
519,Finance,Female,43,Diploma,Finance Manager,196339,6,No,5
520,Finance,Female,39,PhD,Finance Manager,175644,6,No,2
521,Marketing,Female,27,Diploma,Marketing Specialist,95197,6,No,2
522,HR,Male,57,PhD,HR Executive,163548,7,Yes,3
523,Marketing,Female,52,PhD,Marketing Specialist,148615,25,No,2
524,Marketing,Male,41,PhD,Marketing Specialist,194728,20,No,3
525,Operations,Male,37,Bachelor,Operations Manager,98665,16,No,2
526,Marketing,Female,27,Master,Marketing Specialist,152798,6,No,2
527,IT,Female,29,Master,System Administrator,68408,3,Yes,5
528,Operations,Male,57,PhD,Operations Executive,171275,6,No,2
529,IT,Male,29,Bachelor,System Administrator,196357,8,No,2
530,HR,Male,60,Bachelor,HR Executive,51085,30,No,4
531,Operations,Male,42,Bachelor,Operations Manager,51134,17,No,5
532,HR,Female,34,PhD,HR Manager,115549,13,Yes,5
533,IT,Male,58,PhD,System Administrator,158318,11,No,3
534,Finance,Male,43,Diploma,Accountant,156910,18,No,3
535,Sales,Female,47,Bachelor,Sales Manager,51502,12,No,3
536,HR,Male,59,Master,Recruiter,62396,0,No,4
537,Finance,Female,38,Diploma,Finance Manager,117029,17,No,3
538,Finance,Female,28,Bachelor,Accountant,97482,7,Yes,5
539,Finance,Male,36,Diploma,Financial Analyst,94285,14,No,3
540,Operations,Male,38,Master,Coordinator,100995,17,No,5
541,Operations,Female,33,Master,Coordinator,98823,7,No,1
542,Marketing,Female,23,Master,SEO Analyst,119334,2,No,2
543,IT,Male,42,Master,Software Engineer,84479,21,No,2
544,Operations,Female,29,Bachelor,Operations Manager,165830,8,No,2
545,IT,Male,25,Bachelor,System Administrator,99986,4,No,3
546,Operations,Female,53,PhD,Operations Executive,49892,32,No,1
547,Finance,Female,26,Master,Finance Manager,120555,5,No,3
548,HR,Female,47,PhD,HR Executive,48756,26,No,5
549,Sales,Female,32,PhD,Sales Manager,153644,11,No,4
550,Operations,Female,23,Diploma,Operations Executive,88567,2,No,5
551,Operations,Male,48,Bachelor,Coordinator,63550,11,No,3
552,Operations,Male,43,PhD,Operations Manager,126020,22,No,2
553,Finance,Male,52,PhD,Finance Manager,126092,5,No,4
554,Operations,Male,37,Master,Operations Manager,185509,16,Yes,3
555,Operations,Male,34,Bachelor,Coordinator,95758,5,No,5
556,Marketing,Female,48,PhD,Marketing Specialist,104319,15,No,5
557,IT,Male,31,Diploma,System Administrator,140045,10,Yes,1
558,Operations,Female,57,Master,Operations Manager,122433,15,Yes,1
559,Sales,Male,43,PhD,Sales Manager,57527,1,No,5
560,HR,Female,34,Master,HR Manager,58292,13,No,4
561,IT,Male,43,Bachelor,System Administrator,185242,21,No,3
562,Sales,Female,44,Diploma,Sales Executive,113691,11,No,1
563,Finance,Male,47,Bachelor,Financial Analyst,157693,15,No,3
564,Operations,Female,44,Master,Operations Executive,178622,23,No,3
565,Operations,Male,24,PhD,Operations Manager,188063,3,No,3
566,HR,Female,37,Diploma,HR Manager,190902,16,No,5
567,Sales,Female,37,Diploma,Sales Executive,141559,1,No,4
568,Marketing,Male,25,Master,SEO Analyst,153561,4,Yes,4
569,Marketing,Female,46,Diploma,Marketing Manager,88194,12,No,2
570,Sales,Female,48,Diploma,Business Development Executive,127408,14,No,4
571,HR,Male,60,Bachelor,HR Executive,85779,21,No,3
572,Finance,Female,42,Master,Accountant,45558,16,Yes,4
573,IT,Female,30,Master,Software Engineer,113213,9,No,5
574,Operations,Male,54,Diploma,Coordinator,170955,1,No,2
575,Finance,Female,56,Bachelor,Accountant,53254,12,No,1
576,HR,Male,51,PhD,HR Executive,146028,8,No,5
577,Marketing,Female,24,Bachelor,Marketing Manager,95940,3,No,3
578,HR,Female,55,PhD,Recruiter,165263,21,No,3
579,IT,Female,51,Master,Software Engineer,194272,23,No,5
580,Marketing,Male,26,Diploma,Marketing Manager,158904,5,No,1
581,HR,Male,52,Master,HR Executive,171309,20,No,5
582,Marketing,Male,23,Bachelor,Marketing Manager,193801,2,No,1
583,HR,Male,34,PhD,HR Manager,55964,13,Yes,5
584,Operations,Female,60,Bachelor,Coordinator,190171,31,No,5
585,IT,Female,41,Bachelor,Data Analyst,107241,15,No,2
586,Sales,Female,44,Diploma,Sales Executive,73532,6,No,3
587,IT,Male,52,PhD,Software Engineer,73467,22,No,2
588,Marketing,Male,26,Bachelor,SEO Analyst,182692,4,No,1
589,Operations,Male,46,Master,Coordinator,71835,25,No,4
590,Finance,Male,26,PhD,Accountant,106975,5,No,1
591,Finance,Male,55,PhD,Accountant,148325,22,No,4
592,HR,Male,24,Bachelor,HR Manager,113037,3,No,1
593,HR,Male,46,Master,HR Executive,92004,6,No,4
594,HR,Female,47,Bachelor,Recruiter,130925,18,Yes,2
595,HR,Female,27,Bachelor,HR Manager,118021,1,No,5
596,Finance,Female,51,PhD,Finance Manager,178986,3,Yes,1
597,Marketing,Female,38,Bachelor,SEO Analyst,143696,17,No,3
598,Finance,Male,24,Bachelor,Accountant,42816,3,No,4
599,Sales,Male,57,Master,Business Development Executive,112083,18,No,3
600,Finance,Female,24,PhD,Accountant,90361,3,No,5
601,Sales,Male,25,Bachelor,Sales Manager,190089,4,No,5
602,HR,Female,42,Diploma,HR Executive,90453,21,No,2
603,Sales,Male,33,Diploma,Business Development Executive,171535,12,No,5
604,Marketing,Female,56,Master,Marketing Manager,146481,23,Yes,4
605,IT,Female,58,PhD,System Administrator,72626,16,No,3
606,HR,Male,37,Bachelor,HR Executive,155751,16,No,1
607,HR,Female,48,Diploma,HR Executive,42642,12,No,2
608,Marketing,Male,46,Master,SEO Analyst,86994,22,No,3
609,Finance,Male,44,PhD,Financial Analyst,60625,23,Yes,4
610,Marketing,Male,46,Bachelor,SEO Analyst,97659,15,No,1
611,Sales,Female,38,Bachelor,Sales Manager,93911,17,No,1
612,Marketing,Female,42,PhD,Marketing Manager,44455,19,No,4
613,Finance,Female,41,PhD,Accountant,187837,20,No,2
614,Sales,Male,56,Bachelor,Sales Executive,133714,25,Yes,2
615,IT,Male,51,Diploma,Software Engineer,127738,26,No,4
616,IT,Male,46,Master,Software Engineer,163824,25,No,5
617,Sales,Female,54,Diploma,Business Development Executive,168531,33,No,1
618,IT,Male,56,Diploma,Software Engineer,117616,14,Yes,4
619,Finance,Female,45,Bachelor,Accountant,78835,22,No,4
620,Sales,Male,31,PhD,Sales Executive,143215,10,No,5
621,Marketing,Female,26,Diploma,Marketing Specialist,199728,5,No,2
622,Finance,Female,40,PhD,Finance Manager,89265,19,No,5
623,HR,Female,52,PhD,HR Executive,58825,10,No,2
624,Finance,Female,42,Bachelor,Finance Manager,76870,21,Yes,5
625,Finance,Female,60,Master,Finance Manager,122085,12,No,5
626,Sales,Male,42,Master,Business Development Executive,131686,21,Yes,1
627,Sales,Male,48,Bachelor,Sales Executive,52808,3,No,2
628,IT,Female,26,Diploma,System Administrator,129515,5,No,4
629,Finance,Female,48,Bachelor,Finance Manager,171007,24,No,2
630,Sales,Male,44,PhD,Business Development Executive,183211,23,No,2
631,HR,Female,48,PhD,HR Executive,109827,2,No,1
632,Marketing,Male,56,PhD,SEO Analyst,60607,0,No,5
633,Sales,Male,25,PhD,Sales Manager,156709,4,No,5
634,Sales,Male,46,PhD,Sales Executive,95807,11,Yes,3
635,Operations,Female,53,Bachelor,Coordinator,190629,0,No,5
636,Operations,Male,44,Bachelor,Coordinator,43803,12,No,5
637,Finance,Male,25,Diploma,Financial Analyst,88879,4,No,3
638,Operations,Female,36,Diploma,Coordinator,160187,15,No,4
639,HR,Female,48,PhD,HR Manager,77253,23,No,4
640,IT,Male,51,Master,Data Analyst,62677,27,No,3
641,IT,Male,29,PhD,System Administrator,52732,8,No,4
642,Marketing,Male,41,PhD,Marketing Specialist,136244,13,No,5
643,IT,Female,39,PhD,System Administrator,103584,18,No,5
644,HR,Female,43,Master,Recruiter,64845,11,No,4
645,Sales,Female,49,Bachelor,Sales Executive,61179,9,No,5
646,Sales,Male,59,Master,Sales Executive,187162,17,No,3
647,Operations,Male,37,Diploma,Operations Executive,180441,16,Yes,3
648,Operations,Male,22,Diploma,Operations Manager,181052,1,No,1
649,Sales,Male,24,PhD,Sales Executive,132454,3,Yes,3
650,Finance,Female,22,Diploma,Financial Analyst,93078,1,No,2
651,IT,Female,46,Master,Software Engineer,54140,14,No,3
652,HR,Female,34,PhD,HR Manager,159833,3,No,2
653,Marketing,Female,41,PhD,SEO Analyst,180400,12,No,5
654,Finance,Female,52,Master,Finance Manager,165515,22,No,1
655,IT,Female,34,Diploma,Software Engineer,60649,13,Yes,3
656,Finance,Male,41,Master,Finance Manager,67281,20,Yes,1
657,Sales,Female,39,Master,Business Development Executive,89662,0,No,5
658,Finance,Male,36,Bachelor,Accountant,146509,15,Yes,5
659,Finance,Female,37,Diploma,Accountant,94031,0,No,1
660,Marketing,Female,23,Master,Marketing Manager,88915,2,No,4
661,Marketing,Female,25,Bachelor,Marketing Manager,157304,4,No,4
662,Marketing,Male,26,Bachelor,Marketing Manager,107107,5,No,4
663,IT,Male,46,Master,Data Analyst,49351,12,No,5
664,Sales,Male,40,Diploma,Business Development Executive,150002,19,No,1
665,Sales,Female,49,Master,Sales Executive,193443,28,No,1
666,HR,Female,31,Diploma,HR Manager,167024,10,No,2
667,HR,Male,23,PhD,HR Manager,98480,2,No,2
668,Sales,Female,53,PhD,Sales Executive,101193,15,No,3
669,Sales,Male,22,Master,Sales Manager,115445,1,No,3
670,Marketing,Male,25,PhD,Marketing Manager,185306,4,Yes,4
671,Finance,Female,45,Master,Accountant,154170,14,No,4
672,Marketing,Male,41,PhD,SEO Analyst,76756,20,No,4
673,HR,Male,34,Diploma,Recruiter,167184,10,No,1
674,Sales,Male,24,Diploma,Business Development Executive,82540,3,Yes,1
675,Operations,Male,27,Master,Coordinator,45784,6,No,5
676,IT,Female,35,Bachelor,Software Engineer,131185,14,No,2
677,Sales,Female,38,PhD,Business Development Executive,97916,2,No,2
678,Operations,Male,43,Bachelor,Coordinator,86863,21,No,1
679,IT,Male,58,Master,Software Engineer,157214,19,No,2
680,Operations,Female,32,Master,Coordinator,100489,11,No,1
681,Sales,Female,34,Bachelor,Sales Executive,128332,3,No,3
682,Marketing,Female,35,Master,SEO Analyst,180177,14,No,1
683,Finance,Female,41,Master,Accountant,175527,10,No,4
684,Finance,Female,55,Bachelor,Financial Analyst,182107,21,No,5
685,Operations,Male,29,PhD,Operations Manager,127983,8,No,5
686,Sales,Male,54,Diploma,Sales Executive,77101,31,No,1
687,Finance,Female,42,Bachelor,Accountant,121572,21,No,1
688,Sales,Female,48,PhD,Sales Manager,111865,6,No,5
689,Finance,Male,45,Diploma,Financial Analyst,81155,24,No,3
690,Marketing,Male,22,Diploma,Marketing Specialist,63615,1,No,2
691,Operations,Male,46,PhD,Operations Manager,147660,1,No,5
692,Sales,Male,33,Bachelor,Sales Executive,191122,12,No,1
693,Marketing,Male,58,PhD,SEO Analyst,63167,15,No,4
694,Marketing,Female,34,Diploma,Marketing Manager,105647,13,No,5
695,Finance,Male,54,Master,Financial Analyst,121399,33,No,5
696,Operations,Male,47,Diploma,Operations Manager,101562,23,Yes,2
697,HR,Female,34,Diploma,Recruiter,114190,13,Yes,3
698,Finance,Female,37,Bachelor,Accountant,106378,16,No,5
699,HR,Female,28,Bachelor,HR Manager,143092,7,No,1
700,Sales,Female,23,Diploma,Sales Manager,159939,2,No,4
701,IT,Male,29,Bachelor,Data Analyst,153194,8,No,3
702,IT,Male,27,PhD,Software Engineer,96884,2,No,2
703,Finance,Male,37,Diploma,Finance Manager,80714,5,No,4
704,Finance,Male,41,Bachelor,Finance Manager,84841,1,No,3
705,IT,Male,36,PhD,Software Engineer,85998,15,No,1
706,Finance,Female,54,PhD,Finance Manager,148840,27,No,1
707,Operations,Female,42,PhD,Operations Manager,184290,21,No,5
708,Finance,Female,29,PhD,Financial Analyst,184112,8,No,2
709,Marketing,Female,60,PhD,Marketing Manager,54842,28,No,3
710,HR,Male,36,PhD,HR Manager,81479,1,No,1
711,IT,Male,47,Diploma,Data Analyst,84446,4,No,4
712,Marketing,Female,25,Diploma,SEO Analyst,87670,4,No,1
713,Operations,Female,48,Diploma,Coordinator,177110,3,No,1
714,HR,Female,30,PhD,HR Manager,174144,9,No,5
715,HR,Female,53,Diploma,HR Executive,175880,10,No,4
716,Finance,Male,42,Bachelor,Finance Manager,183259,4,Yes,5
717,Sales,Female,27,Master,Sales Executive,182967,6,No,2
718,Finance,Male,32,Master,Accountant,123040,11,No,3
719,Marketing,Male,34,Master,SEO Analyst,145488,13,No,4
720,HR,Female,50,PhD,Recruiter,59668,29,No,4
721,Marketing,Male,28,Master,Marketing Manager,92789,7,No,5
722,Operations,Male,37,PhD,Operations Manager,157612,11,No,4
723,HR,Female,29,PhD,HR Manager,136388,8,No,4
724,Sales,Female,29,Master,Sales Executive,111792,8,No,2
725,Marketing,Female,51,Bachelor,Marketing Specialist,171416,4,No,2
726,IT,Female,40,Bachelor,Software Engineer,185199,19,No,3
727,HR,Female,60,Diploma,HR Executive,187700,15,Yes,4
728,Sales,Male,43,Diploma,Sales Executive,171747,21,No,4
729,IT,Female,23,Bachelor,System Administrator,54260,2,No,2
730,Sales,Male,31,Diploma,Sales Executive,73830,10,No,2
731,Marketing,Male,54,PhD,Marketing Specialist,74027,3,No,3
732,Operations,Male,60,Master,Operations Executive,154933,4,No,1
733,Marketing,Female,28,Master,SEO Analyst,145709,7,No,4
734,IT,Female,45,Bachelor,Data Analyst,49891,6,No,3
735,IT,Male,44,PhD,Data Analyst,147206,17,No,1
736,HR,Male,51,PhD,HR Executive,54481,14,No,3
737,IT,Male,51,PhD,Software Engineer,171752,22,No,5
738,Marketing,Female,42,PhD,Marketing Specialist,97519,21,No,5
739,Sales,Female,50,Master,Business Development Executive,159474,22,No,1
740,HR,Female,50,PhD,Recruiter,86540,23,No,4
741,Marketing,Female,43,PhD,Marketing Specialist,183641,22,No,4
742,Operations,Male,53,PhD,Operations Manager,185560,4,No,1
743,Finance,Female,33,PhD,Financial Analyst,47094,12,No,3
744,HR,Female,46,Diploma,Recruiter,137210,12,No,5
745,IT,Male,26,PhD,Software Engineer,134335,5,No,3
746,Finance,Male,51,PhD,Finance Manager,146232,13,No,4
747,Marketing,Male,42,Master,Marketing Specialist,47187,21,No,3
748,Marketing,Female,25,Bachelor,Marketing Specialist,136427,2,No,1
749,Finance,Female,60,Bachelor,Finance Manager,138216,9,No,5
750,Marketing,Male,57,Diploma,SEO Analyst,75972,7,No,1
751,HR,Female,35,Master,Recruiter,66949,14,No,5
752,Sales,Female,51,Master,Business Development Executive,44125,2,No,5
753,Sales,Male,56,Bachelor,Sales Executive,188885,11,Yes,2
754,IT,Female,45,Master,Software Engineer,198965,24,Yes,5
755,Finance,Male,46,Bachelor,Financial Analyst,75213,14,No,4
756,Finance,Female,32,Bachelor,Accountant,165425,11,No,2
757,Marketing,Male,49,Master,SEO Analyst,74612,10,No,2
758,Marketing,Female,24,Diploma,Marketing Manager,93030,3,No,3
759,Operations,Female,60,Master,Operations Manager,114822,4,No,5
760,HR,Male,54,Diploma,HR Manager,85999,32,No,5
761,IT,Male,35,Bachelor,System Administrator,73706,2,Yes,1
762,Marketing,Female,38,Master,Marketing Manager,159057,17,No,5
763,HR,Male,58,Master,Recruiter,145765,10,No,2
764,Operations,Male,48,Diploma,Operations Manager,97073,10,Yes,4
765,Finance,Female,38,PhD,Accountant,167415,8,No,5
766,HR,Male,30,Master,HR Executive,117503,9,No,2
767,Operations,Male,37,Diploma,Operations Manager,138600,5,No,3
768,Finance,Male,37,PhD,Finance Manager,131265,16,No,2
769,Finance,Female,51,Diploma,Accountant,190782,7,No,4
770,IT,Female,47,Diploma,Software Engineer,93797,26,Yes,1
771,Sales,Female,42,Master,Sales Manager,175025,11,No,2
772,HR,Female,45,PhD,HR Executive,140139,14,No,1
773,Sales,Male,44,Diploma,Sales Executive,88398,17,No,1
774,Finance,Male,49,Bachelor,Finance Manager,51413,28,No,1
775,IT,Female,32,PhD,Data Analyst,61669,11,No,4
776,Sales,Female,37,Master,Sales Manager,138937,16,No,5
777,IT,Male,40,Master,System Administrator,136440,10,No,2
778,Operations,Female,49,Diploma,Operations Executive,84195,12,No,2
779,Sales,Female,55,PhD,Sales Executive,55300,18,No,2
780,Finance,Male,36,Master,Financial Analyst,147014,0,Yes,4
781,IT,Male,45,Diploma,System Administrator,167925,24,No,4
782,HR,Female,42,PhD,HR Manager,182276,21,No,3
783,Operations,Male,52,Bachelor,Operations Manager,53901,14,No,3
784,Sales,Female,23,Master,Sales Manager,150430,0,No,2
785,Sales,Female,37,Diploma,Sales Executive,122797,16,No,5
786,Finance,Male,58,Master,Finance Manager,77830,0,No,5
787,Marketing,Female,28,Diploma,SEO Analyst,184526,7,No,2
788,Finance,Female,22,Diploma,Accountant,198169,1,No,1
789,Sales,Female,26,Master,Business Development Executive,119031,5,No,1
790,Operations,Female,25,Master,Coordinator,72855,4,Yes,4
791,Finance,Male,45,Bachelor,Financial Analyst,177108,5,No,1
792,HR,Female,43,Bachelor,HR Executive,78998,22,No,2
793,Marketing,Female,60,PhD,Marketing Specialist,167913,3,No,3
794,Marketing,Male,45,Master,Marketing Specialist,186654,10,No,5
795,Marketing,Female,59,PhD,SEO Analyst,120686,28,No,3
796,Finance,Female,48,Master,Financial Analyst,102895,27,No,1
797,Finance,Male,41,Diploma,Accountant,70055,1,No,1
798,HR,Male,41,Master,Recruiter,82398,2,No,4
799,Marketing,Female,33,Master,Marketing Manager,50692,10,Yes,1
800,Finance,Female,45,Bachelor,Financial Analyst,158444,21,No,5
801,Sales,Female,36,PhD,Sales Executive,82389,15,No,1
802,Marketing,Male,43,PhD,SEO Analyst,98772,8,No,1
803,Marketing,Female,33,PhD,Marketing Manager,81933,10,Yes,5
804,Operations,Male,59,Master,Operations Executive,137028,33,No,5
805,Operations,Female,30,PhD,Coordinator,137133,9,No,5
806,Marketing,Male,26,Master,Marketing Specialist,85712,0,No,4
807,Operations,Female,33,Diploma,Operations Executive,164865,12,No,3
808,HR,Female,23,Diploma,HR Manager,101004,2,No,4
809,Operations,Male,45,PhD,Coordinator,175236,24,No,3
810,Finance,Male,33,Bachelor,Finance Manager,156265,0,No,2
811,Operations,Female,38,Bachelor,Operations Manager,161595,17,No,5
812,Sales,Female,28,PhD,Sales Executive,82138,7,No,2
813,IT,Male,53,PhD,Software Engineer,137944,28,No,1
814,IT,Female,29,Bachelor,Software Engineer,176443,8,No,4
815,Operations,Female,26,PhD,Coordinator,161607,5,No,3
816,IT,Male,22,Master,Software Engineer,150934,1,No,5
817,Sales,Female,54,Diploma,Sales Manager,98087,17,No,3
818,HR,Female,42,Bachelor,Recruiter,177754,14,No,4
819,IT,Male,33,Diploma,System Administrator,195837,12,No,3
820,IT,Male,39,Diploma,Software Engineer,76974,18,No,4
821,Finance,Female,49,PhD,Financial Analyst,43045,28,No,3
822,Operations,Female,29,Master,Operations Executive,42891,4,No,3
823,Marketing,Male,49,Bachelor,SEO Analyst,95434,10,No,4
824,Sales,Male,34,Bachelor,Business Development Executive,96462,13,Yes,4
825,Operations,Male,43,Bachelor,Operations Manager,159223,10,No,1
826,Operations,Female,44,Diploma,Operations Manager,142934,23,No,2
827,Finance,Male,53,Master,Financial Analyst,172152,8,No,1
828,Finance,Female,37,Diploma,Finance Manager,129334,16,No,1
829,Operations,Male,39,Bachelor,Coordinator,92708,18,No,1
830,Finance,Male,36,Master,Financial Analyst,181172,15,Yes,5
831,IT,Male,40,Bachelor,Data Analyst,68469,2,Yes,5
832,IT,Male,37,Master,System Administrator,109715,16,No,3
833,Finance,Male,25,PhD,Finance Manager,183748,4,No,2
834,Operations,Female,29,Bachelor,Operations Manager,64521,8,No,4
835,IT,Male,57,Diploma,System Administrator,158315,33,No,3
836,Marketing,Female,59,Master,Marketing Manager,122220,33,No,2
837,Sales,Male,23,PhD,Business Development Executive,165569,2,No,5
838,Marketing,Female,37,PhD,SEO Analyst,41639,7,No,2
839,Marketing,Female,43,Diploma,SEO Analyst,184245,22,No,2
840,Marketing,Male,38,Diploma,Marketing Specialist,58268,17,No,2
841,Finance,Male,30,Master,Finance Manager,168226,9,No,4
842,Finance,Female,55,Master,Finance Manager,56571,6,No,3
843,HR,Male,59,Bachelor,HR Executive,186937,29,No,5
844,Operations,Male,58,PhD,Coordinator,85152,21,No,4
845,Finance,Female,46,PhD,Accountant,171507,4,No,3
846,IT,Female,55,Master,Data Analyst,46488,34,No,5
847,IT,Male,42,Diploma,Software Engineer,143467,15,No,3
848,Sales,Female,60,Master,Sales Executive,128521,7,No,4
849,Operations,Female,51,PhD,Operations Executive,186565,27,No,5
850,Operations,Male,53,PhD,Coordinator,167186,3,No,4
851,Finance,Male,41,Master,Accountant,65209,20,No,2
852,HR,Female,32,Bachelor,HR Manager,92118,10,No,5
853,HR,Male,23,PhD,Recruiter,94411,2,Yes,5
854,Marketing,Male,30,Master,SEO Analyst,117860,9,No,4
855,HR,Male,32,Bachelor,HR Manager,140372,11,No,2
856,Finance,Male,28,PhD,Finance Manager,186676,0,No,4
857,IT,Male,30,PhD,Data Analyst,44170,1,No,4
858,Finance,Female,49,Bachelor,Finance Manager,56782,1,No,5
859,HR,Female,33,Master,HR Manager,71473,1,No,3
860,Sales,Male,44,PhD,Sales Executive,50583,23,No,5
861,Sales,Female,31,Master,Business Development Executive,84222,10,No,4
862,Marketing,Female,53,Bachelor,SEO Analyst,170387,23,No,2
863,Marketing,Female,55,PhD,Marketing Specialist,72393,33,No,4
864,Operations,Female,31,PhD,Operations Executive,91027,10,No,2
865,HR,Female,50,Bachelor,HR Manager,117609,10,No,3
866,Finance,Male,36,PhD,Financial Analyst,194775,3,No,4
867,IT,Female,29,Master,Data Analyst,141365,8,No,4
868,HR,Male,37,PhD,Recruiter,88787,11,No,2
869,Finance,Male,47,Master,Financial Analyst,141658,1,No,1
870,Finance,Female,25,Diploma,Finance Manager,84980,4,No,1
871,Marketing,Female,38,Master,Marketing Specialist,142170,17,No,1
872,Marketing,Male,39,Master,Marketing Manager,190816,18,No,3
873,Sales,Male,32,Diploma,Business Development Executive,184989,11,No,4
874,Sales,Female,51,Bachelor,Sales Executive,63995,5,No,1
875,Sales,Male,24,Bachelor,Sales Executive,135293,3,No,3
876,Finance,Female,54,Diploma,Accountant,81396,0,No,3
877,Finance,Female,57,Diploma,Accountant,187522,21,No,4
878,Finance,Male,24,Bachelor,Finance Manager,91229,3,No,4
879,IT,Male,46,Diploma,Data Analyst,145504,9,No,2
880,Sales,Female,51,PhD,Sales Executive,149741,5,No,1
881,Finance,Male,50,Master,Accountant,41279,17,No,1
882,Sales,Female,55,Diploma,Sales Executive,125500,13,No,5
883,Operations,Male,57,Diploma,Operations Manager,127635,1,No,2
884,Finance,Female,28,Master,Financial Analyst,71343,2,No,2
885,Finance,Male,44,PhD,Accountant,87048,7,No,5
886,Sales,Female,30,Master,Sales Executive,143387,9,No,1
887,HR,Female,51,PhD,HR Manager,154127,27,No,3
888,IT,Male,34,Diploma,Software Engineer,99021,13,No,5
889,Finance,Male,38,Bachelor,Finance Manager,173322,17,No,2
890,HR,Male,36,PhD,HR Manager,126796,5,No,2
891,Operations,Male,39,Bachelor,Operations Manager,82588,18,No,2
892,Sales,Male,33,Bachelor,Sales Executive,176257,12,No,3
893,Operations,Male,53,Diploma,Operations Manager,164414,20,No,5
894,Sales,Female,22,Diploma,Sales Executive,97059,1,No,2
895,Operations,Male,29,Bachelor,Operations Executive,176629,8,No,4
896,HR,Male,42,Bachelor,Recruiter,93582,21,No,1
897,Sales,Female,35,Diploma,Business Development Executive,82704,14,No,5
898,IT,Male,40,Master,System Administrator,139094,11,No,2
899,Marketing,Female,43,Diploma,Marketing Specialist,46061,19,No,5
900,Finance,Male,45,Bachelor,Accountant,176586,19,Yes,4
901,Sales,Male,32,Bachelor,Business Development Executive,135241,11,No,2
902,Operations,Female,51,Bachelor,Coordinator,106357,29,No,3
903,IT,Male,29,Diploma,Software Engineer,79243,5,No,2
904,HR,Female,51,Master,Recruiter,98433,12,No,3
905,Finance,Female,45,Diploma,Financial Analyst,173666,6,No,5
906,Operations,Male,48,Master,Operations Executive,107019,27,No,3
907,Marketing,Male,34,Bachelor,Marketing Manager,73525,13,No,1
908,HR,Male,58,Master,HR Executive,146213,16,No,2
909,Operations,Male,38,Bachelor,Operations Manager,52738,17,Yes,5
910,Marketing,Female,34,Master,Marketing Specialist,68415,10,No,4
911,Operations,Male,47,Master,Operations Manager,150290,16,Yes,2
912,Finance,Female,50,Diploma,Financial Analyst,139105,29,No,1
913,Sales,Male,44,Bachelor,Sales Executive,142480,23,No,3
914,Sales,Female,59,Bachelor,Sales Executive,97606,3,No,4
915,HR,Male,32,Master,HR Manager,88038,11,No,4
916,IT,Male,30,Diploma,System Administrator,77563,9,No,1
917,Sales,Male,37,Master,Business Development Executive,58888,16,No,5
918,Finance,Female,44,PhD,Financial Analyst,137578,23,No,1
919,Finance,Female,29,PhD,Accountant,184214,8,No,5
920,Finance,Female,60,PhD,Finance Manager,198451,33,No,1
921,Sales,Female,29,Diploma,Sales Manager,184116,8,Yes,1
922,IT,Male,26,Diploma,Data Analyst,114828,5,Yes,3
923,Operations,Female,56,PhD,Operations Executive,115782,32,Yes,4
924,Finance,Female,29,Bachelor,Finance Manager,139944,3,No,1
925,HR,Female,31,PhD,HR Executive,142056,3,No,5
926,Operations,Male,38,Master,Coordinator,145715,12,No,3
927,Sales,Male,43,PhD,Business Development Executive,180587,9,No,5
928,IT,Male,31,PhD,Data Analyst,184373,6,Yes,3
929,Sales,Female,25,Bachelor,Sales Manager,105521,4,No,1
930,Operations,Male,48,Bachelor,Coordinator,72111,5,No,5
931,Sales,Male,36,Master,Sales Manager,109632,15,No,1
932,HR,Male,37,PhD,Recruiter,98416,13,Yes,2
933,HR,Male,28,Master,HR Executive,63906,7,No,4
934,Operations,Female,32,PhD,Operations Manager,96212,11,No,5
935,Marketing,Male,60,Diploma,SEO Analyst,84248,33,No,2
936,IT,Male,34,PhD,Software Engineer,90436,12,Yes,3
937,HR,Male,35,PhD,Recruiter,41817,14,No,2
938,Operations,Female,26,Diploma,Operations Executive,141938,5,No,1
939,Finance,Female,25,Bachelor,Accountant,67273,0,No,2
940,Finance,Female,57,Master,Financial Analyst,147281,16,No,5
941,Operations,Male,23,PhD,Operations Manager,121195,2,No,5
942,Finance,Male,34,Master,Finance Manager,195103,13,No,5
943,Marketing,Female,53,Master,SEO Analyst,91332,8,No,5
944,Operations,Female,44,Bachelor,Operations Manager,152391,11,No,5
945,HR,Male,36,Master,Recruiter,98132,9,No,4
946,Marketing,Female,27,Master,Marketing Specialist,188165,6,No,2
947,HR,Male,32,Master,HR Executive,134110,11,No,5
948,Operations,Male,60,Bachelor,Operations Manager,129111,15,No,2
949,Marketing,Female,58,PhD,Marketing Specialist,44455,26,No,3
950,Marketing,Female,29,Bachelor,SEO Analyst,42928,8,No,3
951,Sales,Male,24,Bachelor,Sales Executive,98602,3,No,4
952,IT,Male,26,Bachelor,Data Analyst,141243,5,No,3
953,Marketing,Female,45,PhD,SEO Analyst,64093,4,No,2
954,Marketing,Male,31,PhD,Marketing Specialist,170744,10,No,1
955,HR,Female,35,Master,Recruiter,79093,8,No,5
956,Operations,Female,55,Diploma,Coordinator,98398,30,Yes,4
957,Operations,Female,25,Diploma,Coordinator,103059,4,No,5
958,Finance,Male,42,Master,Finance Manager,123015,0,No,2
959,HR,Female,43,Master,HR Manager,69887,17,No,1
960,Finance,Female,57,Master,Financial Analyst,43354,7,No,3
961,Finance,Female,23,Diploma,Accountant,162456,2,No,5
962,Finance,Male,34,Bachelor,Accountant,96876,5,No,5
963,Operations,Female,45,PhD,Coordinator,94165,4,No,1
964,Finance,Male,39,Master,Finance Manager,106360,13,No,1
965,IT,Female,60,Bachelor,Software Engineer,63381,25,No,4
966,Marketing,Female,32,Master,Marketing Manager,154592,1,No,3
967,IT,Female,52,Master,System Administrator,101743,19,Yes,3
968,IT,Male,32,Master,Data Analyst,184193,11,No,4
969,Operations,Male,60,PhD,Operations Executive,109773,4,No,3
970,HR,Male,51,PhD,HR Executive,72051,6,No,1
971,Sales,Male,46,PhD,Business Development Executive,131558,14,No,5
972,Finance,Male,24,Master,Accountant,55947,3,No,2
973,Finance,Female,40,Diploma,Finance Manager,112225,19,Yes,4
974,Marketing,Male,46,Bachelor,Marketing Manager,128571,7,No,5
975,Finance,Female,53,PhD,Financial Analyst,44135,21,Yes,5
976,Sales,Female,36,Diploma,Sales Executive,106091,15,No,2
977,Operations,Female,40,Diploma,Operations Executive,124347,17,No,5
978,HR,Female,42,Bachelor,Recruiter,143782,5,No,1
979,Operations,Male,42,PhD,Operations Manager,105498,0,Yes,2
980,Operations,Female,58,Bachelor,Operations Manager,118437,22,Yes,4
981,IT,Male,60,PhD,System Administrator,165647,19,Yes,4
982,IT,Male,33,Bachelor,Data Analyst,76571,3,No,4
983,Sales,Male,48,Bachelor,Sales Manager,143545,3,No,5
984,HR,Male,25,PhD,HR Executive,139286,4,No,5
985,Sales,Female,30,Diploma,Sales Executive,70065,9,No,1
986,Operations,Female,50,PhD,Operations Executive,81975,23,Yes,3
987,HR,Male,22,Master,Recruiter,102983,1,No,4
988,HR,Male,54,Bachelor,HR Executive,140733,2,Yes,2
989,IT,Female,55,Master,System Administrator,112461,31,No,5
990,Marketing,Male,30,Bachelor,Marketing Manager,171259,9,No,5
991,IT,Male,26,PhD,Software Engineer,99752,5,No,2
992,Marketing,Male,60,Bachelor,Marketing Manager,115266,24,No,2
993,Operations,Male,45,Diploma,Operations Manager,108209,13,No,4
994,Marketing,Male,38,Master,SEO Analyst,198437,2,No,3
995,Sales,Male,52,Diploma,Sales Manager,175897,20,No,5
996,Finance,Male,47,Bachelor,Accountant,188701,1,No,3
997,Operations,Female,58,Bachelor,Operations Manager,65208,15,No,4
998,IT,Female,25,Bachelor,System Administrator,111152,4,No,3
999,HR,Female,60,Diploma,HR Manager,158675,12,No,4
1000,Marketing,Female,54,Bachelor,SEO Analyst,192360,20,No,3
